id,video_belong_id,video_id
7074dec2be640b161f4c52b5db05e5ca,mzc00200iseomew,mzc00200wxc9ptm
d6ef979ba9cf3051c042fd39b8c5f0a5,mzc00200iseomew,9z88hz9qwugb8p1
51a965435813d33671b9da8b744b7fd6,mzc00200iseomew,qp39m3l9upxl08a
834f96823ed2a7820207dada85d63be1,mzc00200iseomew,mzc00200zkxs5e0
772f9de4b3b955f32ac52787ef3c89df,mzc00200iseomew,236vbmsdok9mcb6
723734149f014039955f1c97582eb597,mzc00200iseomew,dffzoa6jllk79jm
a816ce9721a24fac4460cc2fadfbef45,mzc00200iseomew,dp7xratybwrdjfl
a58328dd0bc79605ef93b396fb5619d6,mzc00200iseomew,mzc00200x3fzrcb
66a75f6553a0a7f7789af39f7e7056d2,mzc00200iseomew,jciqke9dyg8pfpv
bfeb10af1227d7c5e0e0529e391f172c,mzc00200iseomew,l1jc8hzubf6wz99
2bb1235a8e0dfe1405416df96a1c5e8a,mzc00200iseomew,bhp6pgqj2fyj4h9
183ea0eee5d6235d41e2d66ff46b0d19,mzc00200iseomew,8pl66isxpt8jxbw
6ba4e55a43333388e7d87956a046c9cf,mzc00200iseomew,lc2a6fi2osbbedd
3c2997319be05d6ecb080601c3626295,mzc00200iseomew,8qum8ikxii7b0ky
cade8ce285499e9dc78b7fc63ced4f0b,co47xqkusidzo41,mzc00200ggmetwl
fce12872b295bda1a31f978e87bd2e7c,co47xqkusidzo41,mzc002009dxfw0e
bc80a9b1df2195e7aa4aaec2e0e61bbe,co47xqkusidzo41,mzc00200eb45fcg
521ef0d1bfe7d3eabffa446869260db3,co47xqkusidzo41,mzc00200v894u7p
70c9146420a61a3d80cec40705c1885b,co47xqkusidzo41,mzc00200qlcbjei
93a638588ca9ba9c55e873b584935ca2,co47xqkusidzo41,4e4r3amfp1qzppm
4d5a68550f66dba3aadec63e5c3e1ccf,co47xqkusidzo41,rehcrnwfbe7w62v
5c40eec003bdb8d27c0785fba8a34fdc,co47xqkusidzo41,n0qu8qfcjbdo4zs
a2730af700bccc349ecd43aa65bf9ab0,co47xqkusidzo41,huckxwr3cz2sh8p
50febbb3e795615e5031169928c8302c,co47xqkusidzo41,tx12sqjba6qlkcj
99af3386def8a988c973135c5f087526,co47xqkusidzo41,mzc00200nsdwdiw
84195ed5ab43b89578cdba0860be79a6,co47xqkusidzo41,mdweudbooff4i3l
cf2b44d81659d509cc79938980dbaf11,co47xqkusidzo41,c16ltgp6rmfyljx
da334e191c6af467be6582c3237b18f5,co47xqkusidzo41,1l6r7zhz4i7677g
ac70e2bcc2b3f819d73d9efae51ce5cf,nq4sjurk1ohpw45,mzc00200efur7b4
545716ee0b26dedc80b4f2630a502dd5,nq4sjurk1ohpw45,zehczv7cap99gs8
422f3b3beccd7ad254329462f4ba5532,nq4sjurk1ohpw45,gasr05z8ojzv1f6
0381301b6a701a831451304b2437231a,nq4sjurk1ohpw45,mzc00200q8gufit
7d2c05f4443510244cfdd2d7b2d50367,nq4sjurk1ohpw45,srbfzwdg3qdkcz0
2f834ed39fbb65699edd603a38f2d7e9,nq4sjurk1ohpw45,q50khqz7bnh1pdf
0e1d6b0b4fcdf31d49f4558e6236b6a3,nq4sjurk1ohpw45,47t5p91a8ddeg66
14332986178602809ae970923bd5591e,nq4sjurk1ohpw45,o1lc8qwvgcwx8w6
f935665cb5513bca9cd18e036a4fd22f,nq4sjurk1ohpw45,n2znhgq3ql4847n
2aade7598d51ca8714781fb0b6a1ebd5,nq4sjurk1ohpw45,e29d5llz42ipovo
291044f635261e73332e50cff15d2e3a,nq4sjurk1ohpw45,p5w3ejngt3mlxmo
8162a60269ef9d01b60a388a9a456f3d,nq4sjurk1ohpw45,q370udz0thmmtlk
29e59e38b2aec93c44b1c1179734b55e,nq4sjurk1ohpw45,oyh0ody2chzgr4n
d8a9a35e22235798ec273826ae1797c3,nq4sjurk1ohpw45,smgso0wulfb84gd
a7920e2dc9ae93288241e1bff7473ea1,jnngbw19gy8ctes,mzc002001yp8kk3
a4ae846e0ff87229e83e8eb6e268f5e0,jnngbw19gy8ctes,mzc00200jd1hqn6
dff1d1a8cc8c55a9278af6001f00e833,jnngbw19gy8ctes,mzc00200fs3meux
99e194cf2d17216ee26e1701c0ab41af,jnngbw19gy8ctes,mzc0020020k6udg
b57ca7a6440cea3e8358685c9ba05c93,jnngbw19gy8ctes,mzc002005v1t7fz
83b7c22d5c53dae194ef151263156bbd,jnngbw19gy8ctes,ek5c8xwrtcegu8j
e2a8772320884b743224e86f59190f5f,jnngbw19gy8ctes,o7mfy9c543lm43z
ab755edec554c633b74268c500c868c0,jnngbw19gy8ctes,wk9agjvyed77wv3
fbe0ee146cac08260b106d2a5a1e2656,jnngbw19gy8ctes,cnqfrmbpj0op1v6
6d3b9e15af036b07745e42c5868b3301,jnngbw19gy8ctes,h03rdupl3spyss6
150b49827c75a281a85f3c8d032c17d3,jnngbw19gy8ctes,vb5gqo5tgxbnpoh
860070c94139a7f677aecf4378b16117,jnngbw19gy8ctes,z00l5kncvnu5bys
8bb89fc4e25859f6f9c06f98b0c41c90,jnngbw19gy8ctes,fkvjlswh3k5l98o
ee9ff96f408c8a516733380b88502b57,jnngbw19gy8ctes,mzc00200mtwfe9x
d8dc3b266d9d0f4f217fd83dc1877e56,mzc00200y8o6ry9,ohntwnwx5bfg1ti
b369293c24bd6a3f1c5d568fc17f8d38,mzc00200y8o6ry9,mzc00200ce82x5r
b8f91e8331c8b1a0e7164d5d46eb62a7,mzc00200y8o6ry9,b4e8yjwgokhr0lj
b8db242de4fabad73e2a1ca53695b1a8,mzc00200y8o6ry9,mzc00200htpzo0y
d374c8fc7f5b0554d727e56538e35232,mzc00200y8o6ry9,ikibji2k73dqazu
ddc5991e092d1c62ed5ffb19c24283f4,mzc00200y8o6ry9,mzc00200q3ctjw0
8e419e5535fe99aec46e2f0061742811,mzc00200y8o6ry9,oja2u3jp4xhc3m9
cec7f0476be8ad223d6c9decbae5b915,mzc00200y8o6ry9,qp4v8emwbaskd4x
7717a70453ec62afb2e09760cb9432e1,mzc00200y8o6ry9,d7ybi3g2s1ee14r
bb093bda78a7762760998d85548cf0ce,mzc00200y8o6ry9,2cy4xg8ywpb47dw
8b1867aa55aef2225e2bb0251a1446bc,mzc00200y8o6ry9,hz1jkqvpb4detvb
d7e0795caa300ce1daeba880fc1a728a,mzc00200y8o6ry9,8rf0yx26ow16i0h
343a80cf153d35d9a09e91dc0d2eff15,mzc00200y8o6ry9,cltmsz5k25rt04w
eb94d2baa238f085deb3ae68d0748477,mzc00200y8o6ry9,4jmu0ucaieo09ct
6a409fac3c087d06850bc3a39cb2d6a4,otff8quzy6b2dlw,mzc002008c6apqt
3ca6c9f97cec404466e7ddb2b45a1c73,otff8quzy6b2dlw,mzc00200lv3zkrg
5e9f1fcff5f79643489c3d6d601c2e7a,otff8quzy6b2dlw,mzc00200sdgxtba
12866dde7974a269d77a052a9f62eca4,otff8quzy6b2dlw,mzc00200bfxvab8
b0d01f637626a270517062bad4a232bb,otff8quzy6b2dlw,wqrl4z9ccgbiwdl
ddd73814037a39c33b0873c44db41afd,otff8quzy6b2dlw,mzc0020059t7f7t
eb950c6fb5f92fdf7bd386be9a63bcde,otff8quzy6b2dlw,1qxo0a57yboutfj
70f57f62ea08be9e4ca9afd25120a7c1,otff8quzy6b2dlw,c6pp7uwg1o4h4bq
029198e27036086a4de0f23baacb48d8,otff8quzy6b2dlw,pjqawubb9sxrum5
e9a70374873ad406ac890b1fc53509de,otff8quzy6b2dlw,r5vtahc8vj93nx8
9b91ad1fd924fa514ae141eb40591ddb,otff8quzy6b2dlw,cuu5ut3qg7l0v0c
ec4c01df9f59a3d715f2ea894a81749c,otff8quzy6b2dlw,ym3zk2afta7lkuw
6de4a19ab9b781d59d99f5837f6c9746,otff8quzy6b2dlw,5294lvqsaa0gda8
17e35b7da3c4613a7db0e7c060658377,mzc00200xole3rw,bubnr6zzqq584j8
69eecbae76c01d09326d5032771f6eee,mzc00200xole3rw,mzc00200q06w7zx
bb7429f8873fffca2a02e077593711ef,mzc00200xole3rw,i200hs4ip5a6u7a
71dfb094d1778edbf466a479b9c1a1bf,mzc00200xole3rw,sxdpww9hfymrtua
c59c545e8d149d1a7eb15fdc81bacf1f,mzc00200xole3rw,maljebn62xg27dc
57afb5f638782a56c7bfd8125c053a95,mzc00200xole3rw,vqm1l9en588rdtx
94b2a4eb3858e56b335beeb7e3355b5d,mzc00200xole3rw,sfn1vjnjkmzedna
69daeed907bd773d5c7b9cbc9a1205e4,mzc00200xole3rw,zf2z0xpqcculhcz
134efeb1cad52c75c51bad49e076bb3e,mzc00200xole3rw,6rk0jemko5uecjh
cf367f2da9ee3d6d98feaa07aa4f0a25,mzc00200xole3rw,g3asobp9jfq0tr0
157a64a75d3087c52e0d47678ab4ccc8,mzc00200xole3rw,54ntb912jygjxd7
44d649c0bfe36d8da8b77b0fd25b4160,mzc00200xole3rw,5db7msbbak0cseu
96475ceb7f16ad930b9e210116ff8a9a,mzc00200xole3rw,ey8h4ldyb8ta41s
93d8aeec9f59a29ffcb27994141bae66,mzc00200xole3rw,kbctgcaalm6j83u
9d528cd0bcaea74cae1c6d73103f39ca,mzc00200ibqz3tc,mzc002007fbpmu0
94000fea5f1f8bde576e9881325ede6d,mzc00200ibqz3tc,78a76mhkuoiz8ad
7e1491e07d660348dd0650b32df7ffe4,mzc00200ibqz3tc,r2v3k3icklt2htu
db0529a8633a295b13c4db94ea1df605,mzc00200ibqz3tc,9nl64ieihgh7qnz
1147da1c6382e37aef63453b4b2a6433,mzc00200ibqz3tc,de3sp1vsa1dbcjn
8abe0ec200a14c606232c32118ae7cba,mzc00200ibqz3tc,mnlhz75wutwjp8m
9022feea34fba69c0f93b4c640f81e26,mzc00200ibqz3tc,lqxa3tle5cdkb1m
2aac12c77bd428da552bb327d2fd3b97,mzc00200ibqz3tc,wwvd4ex69l9akj5
4215deeb509a825af42617fa8d21c885,mzc00200ibqz3tc,4xejxtj554aysi2
12ce399ee3d9c937c1a977e233919832,mzc00200ibqz3tc,jtropm8st3kuqj8
6d2ecfa728b435a629291dee4765d098,mzc00200ibqz3tc,vzp10cr3k15105h
5fcb08bfea97735e6f83b54ca23126a8,mzc00200ibqz3tc,uj4ltkwye13qlq6
76cc95c349fb79e474f0c4deb8091da6,mzc00200ibqz3tc,s1nxlfvzkkb3kvh
da23bc2ce549142369e2e11a063aa22a,mzc00200ibqz3tc,69pauxs47creagq
4dc58301ab60d864b9b7b16c88695e28,mzc00200k12f5gi,mzc00200x9p7sya
4de90a4b5eb83265f64ba10da4761452,mzc00200k12f5gi,mzc00200xkz40h5
0a170e3b6fe9f7d80912125fae209ed6,mzc00200k12f5gi,mzc00200ymy2zh3
3bb0cedeaff73b4b9e6483949b3f426b,mzc00200k12f5gi,mzc0020084wch7x
5d05e1667acd643bf2f09db7c14aafa7,mzc00200k12f5gi,mzc00200dczw4x1
11fee0ebf4804e9fe2463c966849a32a,mzc00200k12f5gi,n5wqlss4tenzokw
c1a6a2be2d89e148a46702520227eac2,mzc00200k12f5gi,adjzt1nircfo25o
5fc7b0d4caf94bb615aac6e0da86547a,mzc00200k12f5gi,ud6slm1j2jipzbw
de4ca17c0428d664025f5710e7390102,mzc00200k12f5gi,me1e5issr8ry6nf
2c8742ff0cc9656e8c554f4897228d75,mzc00200k12f5gi,zgwpjn6b4mifpg4
4ba6ab6827490b30a2c191f2d3949d18,mzc00200k12f5gi,y83safzjp70asgy
f6874f7f3e9e327327dad8c7928b2568,mzc00200k12f5gi,6dsftudi6tvprc8
f2fbfd726ef93a6d210696c4cf4e87c6,mzc00200k12f5gi,y67txa7hffalada
f2c219d2a6f7792eb63aab8a6faf8ac2,mzc00200k12f5gi,wibzr6v2oh6kpg8
09677c0f6b4f1c458b601a289649cde5,mzc00200q06w7zx,i200hs4ip5a6u7a
5b16a23017107e4b483668e287110e0b,mzc00200q06w7zx,mzc002002gqkzvt
57a8a2cdc4ae0170e86103678fb9dc34,mzc00200q06w7zx,mzc00200kbszxf4
21b00b963ed6f9244b49b2d737308ae8,mzc00200q06w7zx,mzc00200m74dz28
874878195888027774da4c4ad3e661c0,mzc00200q06w7zx,yoz60y87rdgl1vp
77d4d5622ed3c6482787174ed440d7d6,mzc00200q06w7zx,mzc00200wb4bx34
566311b3940a1bbcbb6bc0aa4df5a040,mzc00200q06w7zx,mzc00200xgxykol
55f0851d030119aba87d322c9590f8dc,mzc00200q06w7zx,mzc00200wk4wxlp
9c4c50d00a72c11c03a25ff62a68ebd5,mzc00200q06w7zx,5db7msbbak0cseu
d0140e669a222eaaeb9670016a303102,mzc00200q06w7zx,mzc0020010hqsc1
37de632360f2015af4a01b40e22a4202,mzc00200q06w7zx,sxdpww9hfymrtua
e1ffb1555f771822618960aab58fd41f,mzc00200q06w7zx,sfn1vjnjkmzedna
a43189d0161cfd6f6076c82d476e581b,mzc00200q06w7zx,vqm1l9en588rdtx
3356207ad0440ddbbb9732ab4b103882,mzc00200q06w7zx,zf2z0xpqcculhcz
f5efe983c7e752cf1cb30f48785e0524,mzc002001pvxwzy,mzc002004a46hbj
e123d6c2219013513489fb765c2e73ee,mzc002001pvxwzy,mzc0020052ju0rb
d0d0fa2268790ee135422c3ac11b6724,mzc002001pvxwzy,mzc0020050roshp
26bc36a99903905a56554f6ea4654470,mzc002001pvxwzy,mzc00200rivcyyf
05669f3f7161f93be85df6591c487554,mzc002001pvxwzy,w8qxzsqol194vha
3593d41577dd7b8e0729874ee2fcc12c,mzc002001pvxwzy,mzc00200z9th9sx
b9e948053daa341a689686ec06d15f46,mzc002001pvxwzy,mzc0020059t7f7t
057427c234ffef52fe91bbc6e95c7226,mzc002001pvxwzy,qp888i8umsnsag5
cad92a027bd3fc6e39d84d4e42347b8d,mzc002001pvxwzy,n76mfat9qhrdzcl
b1ca386a50a1212928f7a537395f6401,mzc002001pvxwzy,l7qbwhpzorvnks8
a52834ff39728a6ab2587d773c3c6193,mzc002001pvxwzy,1qxo0a57yboutfj
7f49f19cc4101e75804932ae7462c633,mzc002001pvxwzy,gy9azl8fq6bc59i
2f8af62036e397e3bfbf6e7ddd2ba058,mzc002001pvxwzy,eeixvklu2ybolhu
99b72621fdf6a40414d43cd4ded3b047,mzc002001pvxwzy,ecv3kc99vjazdz7
c41ee8fed46318f122fa8fab0af84856,dxd1v76tmu0wjuj,mzc002003y9eexj
a99ebafbbdc43d2c2fdd1b23eff00180,dxd1v76tmu0wjuj,mzc00200ludcssr
cbcb20baee7f4ae9ae586b185c7925fa,dxd1v76tmu0wjuj,hcikypr4zjndnhl
ad84645083cf826ff0bf2d3ffcc9a817,dxd1v76tmu0wjuj,184q363kk4a1i54
bc16348bdf4513ba983028afe4a7bc8f,dxd1v76tmu0wjuj,lq4c3evvpw50otg
e16728b6a9ddae2230f4bc9929123e88,dxd1v76tmu0wjuj,1wbx6hb4d3icse8
7f8b4fc2ba32766e8adbd48733199cc8,dxd1v76tmu0wjuj,okr4jr8q88a4g8s
145fa0ad3481e03b83ec7cb0ed9d9c13,dxd1v76tmu0wjuj,tl5xw7637k80zz1
cac4cf39cdd4bf32243daf49bf969f04,dxd1v76tmu0wjuj,e7hi6lep1yc51ca
8ef692832331d9c62f15b080d76c27e9,dxd1v76tmu0wjuj,uwr8gse5tajsfgj
f4148cc4fe158531f5138f6caab4685c,dxd1v76tmu0wjuj,mh3nvjoygijii68
8f62391ec4652ce80a7fe8a825024d83,dxd1v76tmu0wjuj,8g4baeu0hdfpbi0
231c6e3ab209d2a50cec6109baf0af91,dxd1v76tmu0wjuj,x5y7p3sz3tt9lb3
c75692bc1ea808cf6fc7d541a39d3472,mzc00200bll9mha,mzc00200pk9moa1
4824c3ef22c387ac0854de1cf5865647,mzc00200bll9mha,mzc0020058p2c6p
3085710db607d0f63f24cb9ea145341b,mzc00200bll9mha,i200hs4ip5a6u7a
a445f92f587d66f5c83c5326e24de764,mzc00200bll9mha,wu1e7mrffzvibjy
61ebfda1531285eef67dbd13a9650f75,mzc00200bll9mha,mzc0020095tf0wm
bb64639a371f0c30b9b5a099eaf6f425,mzc00200bll9mha,mzc00200b5jj666
f6f0c24a42fe8f6ea655a87f2b23a1d1,mzc00200bll9mha,mzc0020035dthgx
69dd903272c253df38312aa368c0c375,mzc00200bll9mha,mzc002009rrrr0r
fdc6fef54863e186cb1c001584c6bdbb,mzc00200bll9mha,i1evljhb6k0eyvn
a0a21b8185df50bf6e02df4a259ee581,mzc00200bll9mha,ndrflhegylno9u6
9d579fcc368e4d3cfcbdddf743bf07c7,mzc00200bll9mha,d93ioc9qdo1091m
eceee168dcec67cb3366ffcdadfaab48,mzc00200bll9mha,mzc00200dkb4z6s
5db723cd1d6b125bdb2f2755730fa71e,mzc00200bll9mha,wt9ylsopqwi5ppx
76b6d758e1d90af0952e7f369ef8984b,mzc00200bll9mha,xqmyd00jg2bn7xh
3eb1a5de88356c1a3821be88f25e8344,mzc00200lldrsa6,mzc0020046q4d6r
b056e284278b5f3c87985406f454fd7c,mzc00200lldrsa6,6h7wl5b7uuscct0
ca22f3c6f2c3e17f54ecac7e7541d9cc,mzc00200lldrsa6,c0itfx98nlo89gh
778b7e8d68ba40be24a1d1d604f5cddc,mzc00200lldrsa6,zuijil3h5aqqimm
1828dd7c2dc0705dcb016a0b5267e617,mzc00200lldrsa6,thxd6hwx23e32gx
ff226292b839d35030692ece708bd147,mzc00200lldrsa6,spy9cdqqhjpv25d
824d664cd9e1bafb81f05f0425a9565d,mzc00200lldrsa6,l6rk4qigind76bt
08c69bdd0ac18eb84bdf8083c0b73d48,mzc00200lldrsa6,eio0etatncfnrrm
c2c9c33a699025e9232bd052c279f54e,mzc00200lldrsa6,fpgl4yczxnnlmpw
7d013805c9a4ee0e1bc962593ad830fa,mzc00200lldrsa6,otkq9s3s26es7w1
8946f50da96fc4b271151e1d3764ec77,mzc00200lldrsa6,jfc2e407amupw1a
8d51d9fabeeac50464cebd24a71e887b,mzc00200lldrsa6,jdq1z12sroanj37
8f5a77b5614398a6c8fedf031979eb26,mzc00200lldrsa6,lq81p2hszx53nqk
f1a03a5466c971209dd8f4cda7b7a610,mzc00200lldrsa6,mirr6spy4bz8kki
ac790c288f07d55203388b9bcee3a5d1,mzc00200gqu4lmv,mzc002007vjde28
41385f9abad9c16a2fecce11f60313f0,mzc00200gqu4lmv,mzc00200bz3pt5f
38b3aa8712ef5b5a813224ebd439ce5c,mzc00200gqu4lmv,bg8lt16giaj9vyu
88ccfb98b78ede829023d829547c5bb0,mzc00200gqu4lmv,mw049u7n1ou17b1
0d42196056ba65478aacd8d00e4d0e3e,mzc00200gqu4lmv,uv2qqgf38mjh9by
f344e725e0445c60f4c6bf61329951c5,mzc00200gqu4lmv,kg1tfqbx17kc7dt
f1b8cc0c72c11faa67d40a5fef4a5295,mzc00200gqu4lmv,c6pp7uwg1o4h4bq
ab85cf3198d38e6c5b2fc40212d77979,mzc00200gqu4lmv,alsuze6rk2p32t0
b86b4e8eee3cd3e5a2aaba379ee8dc5d,mzc00200gqu4lmv,tlsujlewdkubfyz
288d7ae77008dc01d35db4adace88c9b,mzc00200gqu4lmv,ziii7d2cx9tx0cq
46b84463ba1e983444bc7af6d9814df8,mzc00200gqu4lmv,1eyf4xyyez4p76n
01a3d420f97aca821392ae3df984bb4d,mzc00200gqu4lmv,b4vdyp3yd73t8dc
f15f1c28d8ca5deb338ed81b4c0bf23b,mzc00200gqu4lmv,4d4kea1v0415435
5210d928d52590db47df02b31430b2ec,mzc00200gqu4lmv,f83yyw1wjm6vqwu
c18b57772b48a6f6518ecf6a0a2ad56f,fyxgdb78znsgkti,mzc00200gzu1lms
3cde04e66e025514a06e3d41a4e85c61,fyxgdb78znsgkti,mzc0020088yuxit
788bc49e6e67fc4c2a0d45370cd81fed,fyxgdb78znsgkti,mzc002008sqi5ax
e293a8a9e064850878d91c3309dd9491,fyxgdb78znsgkti,mzc00200to384h9
01fa9d15382d2860a992a3d6c7a04e1e,fyxgdb78znsgkti,0lmgk2kez0lztri
05c0fbd58595421357504222626fd9f7,fyxgdb78znsgkti,033i818h6hqga2i
fd5dcc217d3840f7576b0786dd54935b,fyxgdb78znsgkti,1zy0d9omf1ycae9
324a5cb2b66ca12033aa3cfcdad683a6,fyxgdb78znsgkti,1hnc62lteegcjhu
1c8004c6a236e5dea210b30b1723ee18,fyxgdb78znsgkti,vooy2m9hi5p1jqm
989ac16a34b21aeacf960e96e009e26c,fyxgdb78znsgkti,qg67m04ckextp6j
0310399680896c55af7a3f5a175945e3,fyxgdb78znsgkti,j6b8z5urtg2wj5h
4a14e33469d566cceace1200e8ab2908,fyxgdb78znsgkti,nuijxf6k13t6z9b
07ce1ea7d2baa2f2f6a69fc89e5db38d,fyxgdb78znsgkti,jdiybxs1wqckee9
1b1e3d34a8eccf58cc9d3c70e7947fb8,fyxgdb78znsgkti,6tnvojd22kjfbhz
21cb10d03ad26a27e2a2267782281fd8,tdet7pc4l20p72q,mzc00200enshrig
df5005cf7897d34fab393037625db309,tdet7pc4l20p72q,mzc00200h3xpgq8
c01aceafdd6d4888d7cdc04852dfb82d,tdet7pc4l20p72q,mzc00200bnjp66c
37e83a19ac5f8479f5548b352450d841,tdet7pc4l20p72q,mzc00200b0nq97c
1726163be02fcc246f3f1aa82edcc66c,tdet7pc4l20p72q,mzc00200fybsdhu
76ba3ae9ad6be47b4bfa49ea3f4c3c4c,tdet7pc4l20p72q,qbg2fqufux43l4p
c4989228836afd9a32271e5127c50b02,tdet7pc4l20p72q,mzc00200hqfenem
872054ed994d6433e1a05576183643d4,tdet7pc4l20p72q,ytnxlfqkis831x8
195530c98a57f4fa953a31f2119f20b9,tdet7pc4l20p72q,6x00wpwwa2qvkmp
ff65923105fa6c66f76fdf3b77b50a38,tdet7pc4l20p72q,pugfij2xohwuxku
650f1cdb046284d5352ce9e82b04b461,tdet7pc4l20p72q,i51ytraliclii9q
8c6fc33fe99aabe96689a4ea379c1801,tdet7pc4l20p72q,ihraffcdbbtvytc
c1347238fd154157312aab0b6bda2c5f,tdet7pc4l20p72q,lwidpn2fagebmpg
6f92d8d6da2c136e5a84484a113597a1,tdet7pc4l20p72q,w1k6sxejqzl096d
