,数据结构,操作系统,高等数学,软件工程,数据库原理,计算机网络,C语言程序设计,计算机导论,category
0,80,70.0,100,82,72,84,63.0,87.0,0
1,62,77.0,87,53,76,73,67.0,76.0,0
2,60,62.0,71,46,64,63,69.0,62.0,1
3,75,74.0,79,71,73,78,84.0,71.0,0
4,79,63.0,94,65,54,72,74.0,78.0,0
5,74,67.0,69,67,67,73,70.0,69.0,1
6,67,67.0,80,72,67,68,79.0,75.0,0
7,75,60.0,76,79,68,83,75.0,75.0,0
8,67,62.0,73,69,63,56,62.0,69.0,1
9,67,75.0,77,68,65,63,75.0,77.0,1
10,70,60.0,90,77,65,71,73.0,76.0,0
11,68,74.0,87,74,69,75,76.0,85.0,0
12,71,69.0,76,68,60,62,64.0,62.0,1
13,75,72.0,67,76,67,74,72.0,82.0,0
14,69,78.0,82,83,78,75,47.0,69.0,0
15,89,92.0,92,76,70,93,90.0,78.0,0
16,75,82.0,93,90,74,82,84.0,80.0,0
17,82,77.0,87,74,70,84,64.0,85.0,0
18,73,60.0,80,57,58,82,83.0,82.0,0
19,74,68.0,80,86,75,85,65.0,79.0,0
20,88,68.0,73,75,69,61,74.0,68.0,0
21,78,73.0,82,80,69,73,73.0,85.0,0
22,70,69.0,78,77,74,69,75.0,90.0,0
23,79,78.0,82,77,71,78,74.0,75.0,0
24,75,70.0,63,74,67,73,75.0,84.0,0
25,73,72.0,56,43,63,73,56.0,66.0,1
26,78,75.0,79,72,70,75,74.0,74.0,0
27,78,71.0,71,77,68,62,82.0,67.0,0
28,62,74.0,74,64,67,65,68.0,71.0,1
29,75,83.0,84,76,70,85,72.0,82.0,0
30,69,76.0,86,43,66,69,76.0,75.0,1
31,73,70.0,77,70,72,73,73.0,75.0,0
32,66,74.0,75,81,68,81,60.0,75.0,0
33,78,80.0,78,79,70,81,73.0,80.0,0
34,63,85.0,83,85,64,80,74.0,85.0,0
35,68,76.0,81,72,67,80,72.0,71.0,0
36,63,83.0,67,72,69,76,78.0,60.0,1
37,68,83.0,70,72,77,73,70.0,70.0,0
38,65,63.0,82,60,67,67,62.0,73.0,1
39,87,86.0,99,79,89,74,77.0,88.0,0
40,80,66.0,79,90,75,76,73.0,71.0,0
41,70,61.0,59,70,72,72,60.0,69.0,1
42,69,77.0,93,60,72,86,61.0,66.0,0
43,73,75.0,89,65,74,72,69.0,77.0,0
44,69,79.0,78,68,81,84,75.0,80.0,0
45,73,76.0,82,55,77,78,76.0,79.0,0
46,60,81.0,46,57,76,80,43.0,56.0,1
47,73,71.0,63,71,85,85,63.0,68.0,0
48,80,78.0,76,69,85,83,77.0,76.0,0
49,81,86.0,81,82,92,76,76.0,85.0,0
50,61,80.0,87,65,76,72,74.0,92.0,0
51,74,60.0,94,67,60,77,74.0,72.0,0
52,85,85.0,79,72,92,87,70.0,76.0,0
53,81,78.0,79,66,81,74,84.0,87.0,0
54,77,64.0,95,71,85,90,66.0,73.0,0
55,84,79.0,71,70,78,74,82.0,78.0,0
56,73,74.0,76,65,70,76,74.0,78.0,0
57,60,82.0,66,57,77,86,63.0,68.0,1
58,49,73.0,61,74,78,76,64.0,64.0,1
59,67,90.0,80,90,87,80,69.0,79.0,0
60,79,71.0,72,77,75,78,72.0,73.0,0
61,74,65.0,55,61,73,74,73.0,75.0,1
62,68,63.0,68,68,81,76,67.0,64.0,1
63,82,70.0,83,66,79,81,72.0,75.0,0
64,72,66.0,62,99,66,68,61.0,88.0,1
65,99,44.0,76,87,79,89,99.0,76.0,0
66,45,99.0,99,80,60,78,78.0,60.0,0
67,60,78.0,78,72,86,77,58.0,78.0,0
68,61,60.0,77,66,71,71,50.0,60.0,1
69,70,69.0,79,67,67,62,46.0,74.0,1
70,83,75.0,76,73,84,67,62.0,81.0,0
71,79,62.0,72,67,71,60,66.0,63.0,1
72,77,70.0,83,73,84,85,62.0,77.0,0
73,69,80.0,82,73,80,97,75.0,90.0,0
74,77,70.0,77,70,83,76,73.0,85.0,0
75,74,71.0,63,60,79,68,60.0,79.0,1
76,74,63.0,80,64,66,61,73.0,64.0,1
77,75,68.0,73,73,79,78,60.0,85.0,0
78,86,60.0,61,60,74,47,62.0,79.0,1
79,62,69.0,68,75,75,66,64.0,79.0,1
80,75,63.0,89,71,71,66,64.0,71.0,0
81,69,70.0,73,62,71,61,53.0,77.0,1
82,60,70.0,75,71,80,81,67.0,82.0,0
83,67,66.0,67,62,80,61,61.0,88.0,1
84,70,71.0,65,64,71,45,46.0,75.0,1
85,68,61.0,64,67,67,47,72.0,61.0,1
86,79,85.0,80,74,85,80,61.0,75.0,0
87,85,76.0,77,64,76,64,79.0,81.0,0
88,73,64.0,68,70,81,61,72.0,77.0,1
89,67,60.0,68,60,78,86,53.0,77.0,1
90,71,73.0,81,72,80,89,62.0,84.0,0
91,77,69.0,67,62,78,78,49.0,79.0,1
92,67,70.0,74,61,75,90,85.0,81.0,0
93,77,73.0,63,65,76,90,72.0,77.0,0
94,79,64.0,66,64,74,91,64.0,73.0,0
95,68,88.0,82,61,83,87,68.0,80.0,0
96,69,90.0,78,60,83,84,80.0,76.0,0
97,73,64.0,76,63,72,75,68.0,78.0,1
98,79,79.0,75,67,75,73,65.0,80.0,0
99,75,68.0,60,60,72,70,73.0,71.0,1
100,69,76.0,79,62,74,74,65.0,82.0,0
101,74,81.0,65,68,70,81,53.0,73.0,1
102,69,76.0,73,72,78,86,60.0,61.0,0
103,79,64.0,97,60,76,73,83.0,83.0,0
104,61,74.0,76,89,83,76,60.0,76.0,0
105,74,82.0,93,60,78,72,64.0,87.0,0
106,71,81.0,86,70,67,80,72.0,61.0,0
107,65,60.0,67,60,73,65,60.0,60.0,1
108,50,71.0,78,87,93,80,77.0,79.0,0
109,77,75.0,68,67,83,76,65.0,73.0,0
110,60,79.0,74,70,73,77,61.0,79.0,1
111,60,81.0,75,66,78,85,72.0,80.0,0
112,71,67.0,70,67,82,80,65.0,80.0,0
113,38,90.0,83,87,86,83,65.0,69.0,0
114,61,78.0,69,85,61,74,61.0,71.0,1
115,71,61.0,61,78,76,70,64.0,61.0,1
116,62,78.0,80,78,90,70,72.0,85.0,0
117,65,74.0,62,75,80,71,60.0,63.0,1
118,51,91.0,75,92,83,86,71.0,92.0,0
119,81,78.0,76,63,83,73,61.0,77.0,0
120,75,83.0,73,71,78,66,65.0,72.0,0
121,61,88.0,93,70,76,78,78.0,85.0,0
122,74,64.0,79,71,85,63,72.0,79.0,0
123,65,75.0,78,79,77,71,73.0,87.0,0
124,80,73.0,56,68,80,76,56.0,73.0,1
125,86,60.0,85,67,68,68,51.0,80.0,1
126,65,85.0,69,71,77,80,65.0,89.0,0
127,85,82.0,85,65,72,77,61.0,73.0,0
128,89,70.0,66,28,99,58,78.0,69.0,1
129,67,70.0,88,81,82,94,96.0,84.0,0
130,67,65.0,35,65,63,76,42.0,60.0,1
131,67,65.0,61,70,62,62,65.0,61.0,1
132,62,60.0,69,80,60,61,84.0,67.0,1
133,66,60.0,64,65,69,60,60.0,64.0,1
134,69,66.0,73,80,66,78,67.0,84.0,0
135,78,75.0,69,76,71,75,49.0,63.0,1
136,74,54.0,80,72,66,85,62.0,60.0,1
137,67,54.0,63,76,60,66,71.0,65.0,1
138,74,40.0,60,77,64,71,69.0,0.0,1
139,69,61.0,57,77,65,67,79.0,63.0,1
140,80,61.0,61,88,85,73,77.0,64.0,0
141,60,60.0,60,69,70,68,68.0,69.0,1
142,61,60.0,78,76,60,63,43.0,61.0,1
143,73,66.0,77,86,80,72,84.0,69.0,0
144,66,71.0,70,73,76,75,77.0,64.0,0
145,83,66.0,61,85,75,73,80.0,64.0,0
146,88,72.0,82,77,75,79,94.0,77.0,0
147,83,78.0,86,60,65,86,77.0,73.0,0
148,76,78.0,71,67,64,84,69.0,79.0,0
149,76,73.0,61,83,78,81,60.0,74.0,0
150,62,52.0,77,79,66,61,60.0,60.0,1
151,71,68.0,71,78,68,77,76.0,60.0,1
152,69,60.0,54,69,72,72,72.0,75.0,1
153,70,78.0,66,68,77,70,86.0,75.0,0
154,76,73.0,44,76,66,69,54.0,67.0,1
155,89,65.0,75,88,83,80,84.0,69.0,0
156,86,64.0,81,83,79,67,78.0,81.0,0
157,62,56.0,66,83,78,77,79.0,64.0,1
158,62,55.0,73,72,68,73,68.0,64.0,1
159,76,71.0,85,83,66,76,61.0,69.0,0
160,76,42.0,60,80,63,60,62.0,73.0,1
161,61,60.0,78,68,63,64,67.0,69.0,1
162,78,60.0,30,62,69,63,60.0,77.0,1
163,80,78.0,91,86,77,83,73.0,64.0,0
164,79,70.0,94,78,73,83,84.0,64.0,0
165,75,68.0,95,71,66,60,75.0,73.0,0
166,62,61.0,64,71,76,67,83.0,73.0,1
167,61,39.0,36,72,48,36,46.0,69.0,1
168,73,71.0,67,74,62,75,67.0,61.0,1
169,84,80.0,71,86,83,81,88.0,71.0,0
170,86,85.0,83,87,80,82,86.0,78.0,0
171,79,67.0,69,64,67,79,67.0,74.0,1
172,69,63.0,61,71,71,84,77.0,74.0,1
173,79,74.0,81,72,73,77,74.0,76.0,0
174,75,85.0,67,76,75,92,87.0,79.0,0
175,62,78.0,77,73,80,82,75.0,75.0,0
176,98,66.0,89,64,71,77,88.0,62.0,0
177,76,56.0,60,86,92,80,90.0,71.0,0
178,76,61.0,92,72,89,87,84.0,76.0,0
179,78,62.0,84,60,84,87,77.0,79.0,0
180,68,63.0,65,62,80,86,87.0,70.0,0
181,70,62.0,86,75,86,79,86.0,76.0,0
182,73,63.0,65,64,86,77,78.0,78.0,0
183,78,80.0,93,69,78,85,84.0,84.0,0
184,82,67.0,76,61,91,81,87.0,81.0,0
185,78,69.0,78,62,76,81,71.0,71.0,0
186,82,77.0,76,60,90,84,90.0,76.0,0
187,69,74.0,62,71,87,83,70.0,80.0,0
188,72,73.0,81,64,79,76,72.0,84.0,0
189,80,75.0,82,74,84,83,90.0,77.0,0
190,75,68.0,73,73,73,71,78.0,60.0,0
191,91,85.0,80,68,95,92,82.0,80.0,0
192,69,71.0,63,68,66,82,62.0,63.0,1
193,76,92.0,75,73,86,92,67.0,66.0,0
194,70,82.0,72,61,82,85,68.0,71.0,0
195,69,68.0,0,68,71,74,70.0,72.0,1
196,77,68.0,71,81,82,90,64.0,75.0,0
197,80,85.0,75,74,84,87,85.0,75.0,0
198,77,77.0,68,89,90,97,80.0,75.0,0
199,74,80.0,80,85,80,88,64.0,79.0,0
200,73,75.0,80,73,93,94,84.0,79.0,0
201,70,78.0,72,65,72,92,60.0,69.0,0
202,66,79.0,61,62,71,67,0.0,62.0,1
203,70,69.0,75,60,86,74,85.0,71.0,0
204,78,80.0,86,65,94,86,89.0,86.0,0
205,69,62.0,60,61,61,63,64.0,62.0,1
206,80,80.0,95,76,90,87,89.0,75.0,0
207,75,67.0,77,81,73,78,63.0,76.0,0
208,79,75.0,92,68,87,87,91.0,84.0,0
209,73,70.0,91,63,70,79,74.0,77.0,0
210,70,68.0,78,60,71,73,84.0,69.0,0
211,68,90.0,77,62,74,87,69.0,78.0,0
212,60,77.0,89,73,61,86,85.0,70.0,0
213,78,87.0,97,77,86,90,88.0,65.0,0
214,55,72.0,70,66,80,91,69.0,85.0,0
215,72,62.0,60,71,63,66,66.0,84.0,1
216,59,63.0,62,72,72,68,75.0,67.0,1
217,78,75.0,64,78,60,70,46.0,66.0,1
218,67,84.0,64,77,72,82,72.0,71.0,0
219,73,64.0,76,72,78,78,76.0,73.0,0
220,82,71.0,66,76,82,85,79.0,70.0,0
221,73,79.0,81,76,75,86,92.0,68.0,0
222,77,78.0,70,72,68,91,76.0,64.0,0
223,69,68.0,45,73,54,68,44.0,52.0,1
224,65,87.0,60,76,71,83,62.0,60.0,1
225,73,90.0,76,80,80,78,72.0,62.0,0
226,58,65.0,79,71,69,62,70.0,52.0,1
227,60,65.0,66,69,61,73,77.0,68.0,1
228,62,64.0,72,73,71,67,69.0,64.0,1
229,60,69.0,60,72,55,74,48.0,70.0,1
230,73,71.0,85,79,79,80,86.0,64.0,0
231,52,61.0,68,68,58,81,44.0,64.0,1
232,56,68.0,62,73,55,74,78.0,60.0,1
233,64,61.0,73,72,69,70,73.0,70.0,1
234,69,76.0,0,80,59,80,50.0,66.0,1
235,94,91.0,85,80,86,87,80.0,71.0,0
236,60,82.0,67,72,73,74,46.0,62.0,1
237,64,88.0,57,79,65,78,64.0,67.0,1
238,84,73.0,71,83,91,89,82.0,73.0,0
239,83,94.0,89,61,83,88,85.0,61.0,0
240,84,85.0,68,82,78,91,60.0,80.0,0
241,81,89.0,84,84,79,89,92.0,75.0,0
242,69,89.0,60,83,88,85,78.0,72.0,0
243,81,74.0,74,72,78,86,79.0,76.0,0
244,76,68.0,80,76,55,84,65.0,71.0,0
245,66,84.0,60,70,68,82,79.0,68.0,0
246,74,87.0,61,71,70,83,65.0,61.0,1
247,85,79.0,71,80,92,88,75.0,70.0,0
248,62,84.0,77,81,60,93,85.0,60.0,0
249,43,60.0,51,55,62,82,65.0,60.0,1
250,78,87.0,85,71,92,86,92.0,63.0,0
251,76,72.0,62,70,60,79,72.0,70.0,1
252,79,86.0,36,71,78,86,83.0,73.0,0
253,78,90.0,61,82,80,92,69.0,63.0,0
254,66,66.0,47,68,63,69,66.0,72.0,1
255,83,89.0,66,76,79,90,64.0,67.0,0
256,80,76.0,48,77,73,84,72.0,71.0,0
257,90,85.0,77,80,91,91,80.0,83.0,0
258,69,89.0,65,75,83,91,67.0,65.0,0
259,66,68.0,49,71,66,79,52.0,48.0,1
260,73,72.0,64,70,73,78,87.0,65.0,0
261,76,70.0,52,78,71,81,69.0,67.0,1
262,66,66.0,54,67,76,84,72.0,61.0,1
263,78,85.0,62,73,83,88,64.0,62.0,0
264,87,86.0,81,78,73,86,76.0,76.0,0
265,74,96.0,69,63,91,91,68.0,72.0,0
266,68,86.0,79,73,79,86,86.0,70.0,0
267,74,70.0,63,74,78,81,83.0,65.0,0
268,75,71.0,51,74,64,81,69.0,60.0,1
269,69,79.0,61,78,80,83,66.0,60.0,0
270,64,61.0,73,83,75,84,63.0,68.0,1
271,64,63.0,47,70,60,78,80.0,50.0,1
272,57,61.0,47,74,75,73,83.0,66.0,1
273,64,61.0,70,72,61,87,90.0,60.0,0
274,80,94.0,77,80,90,91,78.0,70.0,0
275,79,83.0,60,69,84,88,66.0,61.0,0
276,89,91.0,84,68,82,89,71.0,73.0,0
277,86,77.0,62,76,71,88,71.0,70.0,0
278,83,92.0,68,81,93,90,80.0,68.0,0
279,85,87.0,73,77,84,91,68.0,76.0,0
280,55,91.0,60,71,80,82,61.0,61.0,1
281,89,93.0,61,75,82,92,73.0,74.0,0
282,77,89.0,49,77,71,82,72.0,80.0,0
283,84,78.0,70,78,92,85,62.0,84.0,0
284,40,46.0,45,84,62,63,63.0,68.0,1
285,45,52.0,66,84,73,90,83.0,63.0,1
286,40,51.0,70,79,63,67,75.0,68.0,1
287,62,66.0,22,67,60,60,75.0,61.0,1
288,49,80.0,71,79,77,85,91.0,75.0,0
289,73,89.0,61,72,76,79,87.0,78.0,0
290,69,90.0,66,82,76,86,86.0,78.0,0
291,65,84.0,73,86,72,81,84.0,74.0,0
292,79,75.0,76,78,78,90,89.0,82.0,0
293,76,81.0,98,79,83,96,93.0,77.0,0
294,79,91.0,60,84,80,90,91.0,76.0,0
295,90,89.0,94,80,89,94,96.0,80.0,0
296,75,73.0,75,60,75,97,93.0,75.0,0
297,84,90.0,90,83,76,87,92.0,82.0,0
298,84,84.0,91,86,76,91,83.0,88.0,0
299,61,56.0,45,73,64,80,80.0,73.0,1
300,75,62.0,67,81,60,76,78.0,68.0,1
301,68,72.0,61,74,71,68,87.0,77.0,0
302,32,38.0,60,83,61,67,86.0,65.0,1
303,76,79.0,66,61,62,62,81.0,62.0,1
304,63,74.0,60,73,77,81,87.0,69.0,0
305,67,79.0,88,87,79,88,85.0,79.0,0
306,46,67.0,87,61,68,81,85.0,70.0,0
307,69,82.0,77,88,79,87,87.0,83.0,0
308,76,80.0,86,86,80,85,89.0,83.0,0
309,66,84.0,61,79,82,78,89.0,74.0,0
310,79,75.0,94,82,76,95,91.0,82.0,0
311,81,88.0,91,86,85,89,92.0,79.0,0
312,62,75.0,60,79,84,86,87.0,76.0,0
313,61,81.0,36,74,68,88,76.0,66.0,1
314,82,75.0,72,88,76,78,89.0,81.0,0
315,67,81.0,33,68,83,67,82.0,79.0,1
316,82,90.0,100,91,89,92,88.0,80.0,0
317,62,46.0,60,64,55,61,89.0,69.0,1
318,73,67.0,74,70,73,80,86.0,69.0,0
319,83,77.0,75,67,72,78,80.0,68.0,0
320,83,85.0,89,83,79,85,93.0,82.0,0
321,72,62.0,62,50,43,68,72.0,75.0,1
322,77,75.0,83,82,69,85,65.0,78.0,0
323,41,70.0,75,63,45,66,61.0,77.0,1
324,46,54.0,97,85,34,64,84.0,68.0,1
325,72,82.0,83,88,64,97,84.0,84.0,0
326,74,78.0,92,81,72,95,92.0,81.0,0
327,78,87.0,87,83,69,81,68.0,78.0,0
328,79,94.0,67,84,80,96,88.0,86.0,0
329,67,73.0,86,49,47,73,80.0,70.0,1
330,65,61.0,77,0,52,32,82.0,71.0,1
331,78,72.0,96,74,66,86,91.0,76.0,0
332,60,44.0,74,66,46,72,72.0,76.0,1
333,61,62.0,76,61,54,87,48.0,67.0,1
334,66,78.0,94,75,68,83,86.0,80.0,0
335,60,60.0,68,86,51,92,61.0,73.0,1
336,49,54.0,62,83,47,81,39.0,61.0,1
337,61,82.0,67,80,65,88,83.0,84.0,0
338,60,60.0,67,80,60,74,80.0,75.0,1
339,62,62.0,60,66,50,66,67.0,61.0,1
340,66,94.0,80,77,72,91,60.0,80.0,0
341,67,63.0,60,72,60,97,84.0,61.0,1
342,66,84.0,70,75,60,83,86.0,77.0,0
343,67,64.0,68,63,62,77,70.0,68.0,1
344,70,77.0,48,90,50,82,67.0,71.0,1
345,60,71.0,70,46,72,64,75.0,80.0,1
346,65,82.0,68,81,57,87,82.0,70.0,0
347,52,71.0,70,62,43,83,77.0,74.0,1
348,78,84.0,61,90,73,80,77.0,80.0,0
349,86,86.0,73,85,81,85,90.0,78.0,0
350,85,89.0,95,90,82,94,87.0,84.0,0
351,72,73.0,70,77,66,81,77.0,75.0,0
352,77,85.0,61,86,72,93,94.0,74.0,0
353,77,81.0,87,80,62,93,94.0,77.0,0
354,77,78.0,74,90,73,89,83.0,76.0,0
355,86,90.0,96,92,85,92,93.0,88.0,0
356,76,82.0,72,84,72,76,90.0,75.0,0
357,87,66.0,60,77,73,74,60.0,66.0,1
358,67,80.0,85,82,64,88,80.0,84.0,0
359,80,86.0,85,78,74,80,89.0,77.0,0
360,84,87.0,85,81,79,87,94.0,87.0,0
361,65,75.0,87,75,75,86,92.0,83.0,0
362,73,79.0,67,75,66,92,85.0,80.0,0
363,70,70.0,62,85,70,89,93.0,69.0,0
364,65,61.0,65,87,85,63,85.0,89.0,0
365,90,74.0,90,85,76,72,67.0,90.0,0
366,30,69.0,60,92,90,65,72.0,85.0,1
367,80,80.0,61,82,76,77,78.0,65.0,0
368,68,69.0,75,89,76,77,73.0,83.0,0
369,53,70.0,0,79,75,81,75.0,71.0,1
370,61,77.0,0,73,69,72,60.0,79.0,1
371,60,70.0,67,92,72,74,80.0,78.0,0
372,60,64.0,60,87,72,70,60.0,75.0,1
373,62,62.0,38,97,77,72,78.0,73.0,1
374,76,89.0,70,95,80,91,85.0,72.0,0
375,38,51.0,34,90,66,61,50.0,60.0,1
376,73,77.0,73,93,83,77,59.0,74.0,0
377,75,77.0,62,84,71,81,76.0,81.0,0
378,73,76.0,65,87,74,84,79.0,81.0,0
379,54,85.0,89,91,86,89,75.0,83.0,0
380,60,80.0,76,87,73,86,58.0,64.0,0
381,50,72.0,63,87,68,78,57.0,73.0,1
382,76,73.0,75,87,78,64,85.0,71.0,0
383,51,61.0,76,98,71,62,76.0,61.0,1
384,71,48.0,75,79,75,78,61.0,63.0,1
385,56,82.0,86,94,92,84,84.0,70.0,0
386,60,88.0,95,86,80,91,87.0,73.0,0
387,66,83.0,78,94,72,88,83.0,63.0,0
388,85,85.0,88,92,78,89,84.0,81.0,0
389,64,77.0,95,95,73,76,73.0,61.0,0
390,76,75.0,63,75,73,91,51.0,65.0,1
391,85,73.0,96,50,85,84,76.0,69.0,0
392,68,60.0,63,44,60,76,50.0,49.0,1
393,63,85.0,100,77,71,77,62.0,78.0,0
394,35,66.0,66,96,75,88,99.0,52.0,0
395,53,50.0,78,54,68,54,63.0,88.0,1
396,75,75.0,63,52,66,52,39.0,71.0,1
397,79,75.0,70,51,80,51,47.0,78.0,1
398,73,85.0,60,61,63,61,67.0,71.0,1
399,37,75.0,75,62,66,62,60.0,74.0,1
400,74,85.0,75,60,68,60,67.0,81.0,1
401,35,75.0,66,54,69,54,70.0,74.0,1
402,60,75.0,79,57,72,57,74.0,77.0,1
403,76,75.0,65,47,69,47,72.0,76.0,1
404,70,85.0,62,64,65,64,61.0,56.0,1
405,81,90.0,85,72,70,72,74.0,85.0,0
406,85,85.0,73,55,72,55,73.0,84.0,0
407,75,85.0,72,65,70,65,62.0,68.0,1
408,61,88.0,63,66,74,66,73.0,67.0,1
409,65,87.0,57,87,73,99,98.0,74.0,0
410,53,65.0,79,67,65,67,66.0,68.0,1
411,61,50.0,61,64,68,64,46.0,72.0,1
412,71,75.0,48,75,61,75,71.0,74.0,1
413,77,85.0,70,52,78,52,62.0,75.0,1
414,81,85.0,73,66,60,66,71.0,74.0,0
415,73,85.0,76,65,68,65,50.0,71.0,1
416,76,85.0,76,58,62,58,65.0,74.0,1
417,69,90.0,87,71,80,71,84.0,76.0,0
418,70,85.0,74,68,70,68,66.0,71.0,1
419,80,75.0,69,56,61,56,69.0,74.0,1
420,63,69.0,61,72,64,72,56.0,83.0,1
421,71,85.0,68,78,68,78,71.0,71.0,0
422,47,75.0,62,55,60,55,66.0,76.0,1
423,47,75.0,71,53,68,53,63.0,78.0,1
424,79,75.0,83,66,83,66,45.0,77.0,1
425,54,75.0,63,46,68,46,65.0,78.0,1
426,68,75.0,76,49,82,49,55.0,77.0,1
427,50,65.0,74,47,63,47,60.0,74.0,1
428,64,65.0,66,47,71,47,64.0,87.0,1
429,64,85.0,75,71,73,71,61.0,80.0,0
430,47,75.0,68,66,68,66,49.0,60.0,1
431,69,85.0,87,83,63,83,83.0,87.0,0
432,66,85.0,64,66,62,66,72.0,63.0,1
433,66,85.0,76,77,100,77,62.0,89.0,0
434,83,85.0,71,78,99,78,76.0,82.0,0
435,71,75.0,68,67,98,67,72.0,66.0,0
436,49,65.0,51,100,71,58,36.0,79.0,1
437,75,85.0,81,77,66,77,72.0,79.0,0
438,65,48.0,88,72,60,68,67.0,72.0,1
439,75,79.0,89,83,80,90,61.0,92.0,0
440,63,70.0,41,73,59,61,55.0,69.0,1
441,70,77.0,40,73,64,72,64.0,85.0,1
442,68,85.0,61,85,72,71,66.0,78.0,0
443,79,94.0,64,95,61,70,66.0,90.0,0
444,76,86.0,71,72,67,75,64.0,79.0,0
445,76,80.0,68,79,71,80,62.0,85.0,0
446,63,69.0,62,86,67,74,66.0,78.0,1
447,65,66.0,77,83,81,86,66.0,76.0,0
448,45,63.0,81,93,50,64,77.0,80.0,1
449,76,80.0,71,79,78,73,60.0,82.0,0
450,73,62.0,88,73,64,73,62.0,61.0,1
451,75,72.0,71,76,75,72,54.0,90.0,0
452,69,76.0,65,82,71,83,78.0,80.0,0
453,73,72.0,71,97,83,81,71.0,85.0,0
454,75,78.0,61,89,77,78,86.0,87.0,0
455,75,82.0,71,80,83,88,72.0,83.0,0
456,66,69.0,98,80,77,79,67.0,73.0,0
457,76,73.0,78,96,74,73,56.0,81.0,0
458,75,77.0,80,92,71,79,72.0,74.0,0
459,68,74.0,87,90,72,75,61.0,74.0,0
460,75,77.0,85,86,71,87,46.0,80.0,0
461,65,66.0,73,85,46,71,35.0,78.0,1
462,76,89.0,62,97,67,75,65.0,84.0,0
463,76,87.0,81,86,71,83,73.0,87.0,0
464,45,70.0,62,85,62,66,61.0,47.0,1
465,78,87.0,72,91,81,79,92.0,74.0,0
466,81,87.0,88,94,97,98,88.0,92.0,0
467,73,74.0,97,90,81,84,78.0,87.0,0
468,71,87.0,96,87,90,71,80.0,82.0,0
469,64,76.0,78,81,71,70,71.0,77.0,0
470,84,75.0,64,100,72,83,73.0,84.0,0
471,75,80.0,78,95,85,83,71.0,85.0,0
472,83,86.0,70,98,81,86,69.0,86.0,0
473,75,85.0,90,100,85,79,58.0,85.0,0
474,61,88.0,88,97,61,85,60.0,74.0,0
475,61,79.0,65,75,0,0,71.0,63.0,1
476,71,77.0,48,82,62,70,78.0,77.0,1
477,75,66.0,39,74,77,81,61.0,69.0,1
478,65,72.0,86,71,72,73,74.5,70.0,0
479,63,82.0,88,79,72,82,51.0,69.0,0
480,63,65.0,39,68,81,82,42.0,64.0,1
481,61,63.0,64,93,62,64,61.0,73.0,1
482,29,74.0,77,77,60,61,72.0,78.0,1
483,75,69.0,65,77,78,61,68.0,63.0,1
484,47,63.0,66,79,74,62,64.0,67.0,1
485,63,61.0,73,87,71,70,61.0,66.0,1
486,66,80.0,79,83,75,72,69.0,73.0,0
487,61,70.0,60,89,65,75,79.0,75.0,1
488,68,70.0,75,86,71,78,78.0,61.0,0
489,62,93.0,73,83,67,72,57.0,94.0,0
490,77,65.0,77,83,68,70,72.0,86.0,0
491,68,72.0,77,98,60,75,55.0,75.0,1
492,70,86.0,54,97,61,80,71.0,83.0,0
493,81,50.0,62,82,74,85,49.0,64.0,1
494,61,63.0,86,83,54,61,54.0,64.0,1
495,67,72.0,68,89,71,46,74.0,76.0,1
496,83,63.0,69,75,72,74,68.0,79.0,0
497,44,63.0,91,77,71,61,67.0,78.0,1
498,67,60.0,65,69,68,65,63.0,57.0,1
499,69,69.0,68,76,69,68,58.0,62.0,1
500,61,83.0,85,95,71,82,62.0,91.0,0
501,76,83.0,72,93,83,73,73.0,89.0,0
502,78,91.0,81,97,89,90,83.0,87.0,0
503,81,88.0,82,99,96,90,82.0,90.0,0
504,78,72.0,73,91,87,86,71.0,72.0,0
505,70,87.0,92,100,29,0,71.0,89.0,1
506,84,83.0,78,97,94,93,75.0,87.0,0
507,70,61.0,81,79,81,84,55.0,69.0,0
508,66,70.0,68,75,75,76,62.0,72.0,1
509,74,73.0,74,0,80,72,42.0,63.0,1
510,60,55.0,71,70,61,62,23.0,65.0,1
511,51,64.0,69,72,66,73,47.0,70.0,1
512,71,69.0,83,75,71,76,61.0,74.0,0
513,67,74.0,74,74,72,73,75.0,81.0,0
514,60,60.0,66,63,65,72,39.0,71.0,1
515,65,65.0,68,40,55,60,38.0,63.0,1
516,89,90.0,97,69,72,74,86.0,87.0,0
517,81,94.0,87,80,78,70,46.0,80.0,0
518,81,83.0,85,81,78,72,61.0,80.0,0
519,61,82.0,78,69,73,62,26.0,74.0,1
520,73,69.0,60,61,60,57,23.0,68.0,1
521,65,70.0,80,71,63,60,38.0,71.0,1
522,52,70.0,77,60,74,65,43.0,70.0,1
523,61,68.0,77,60,72,62,11.0,63.0,1
524,77,74.0,82,83,74,65,18.0,70.0,1
525,79,81.0,76,81,80,73,19.0,71.0,1
526,77,69.0,84,78,71,72,72.0,87.0,0
527,65,83.0,85,78,74,72,26.0,87.0,1
528,70,85.0,71,81,60,72,20.0,74.0,1
529,77,86.0,92,88,79,80,24.0,81.0,0
530,79,86.0,79,83,80,73,63.0,78.0,0
531,78,76.0,69,83,79,72,33.0,71.0,1
532,79,81.0,87,78,82,73,61.0,80.0,0
533,77,52.0,87,69,71,67,33.0,75.0,1
534,60,70.0,77,56,72,60,21.0,63.0,1
535,74,65.0,66,63,68,76,37.0,66.0,1
536,65,81.0,73,0,90,85,42.0,80.0,1
537,77,76.0,75,88,74,76,52.0,75.0,0
538,77,60.0,75,60,76,72,32.0,81.0,1
539,77,61.0,92,67,78,76,45.0,84.0,0
540,62,70.0,89,65,44,38,90.0,71.0,1
541,72,69.0,93,61,62,72,73.0,72.0,0
542,42,60.0,61,62,72,41,77.0,70.0,1
543,60,71.0,68,77,66,68,76.0,67.0,1
544,77,69.0,62,62,71,76,66.0,72.0,1
545,71,76.0,93,69,77,79,90.0,82.0,0
546,69,72.0,95,63,71,78,76.0,81.0,0
547,69,74.0,93,64,71,75,71.0,87.0,0
548,65,60.0,66,31,41,66,66.0,63.0,1
549,61,70.0,63,63,54,70,71.0,70.0,1
550,26,0.0,45,0,30,0,66.0,65.0,1
551,75,78.0,71,88,87,77,82.0,80.0,0
552,62,75.0,71,75,77,77,95.0,81.0,0
553,77,69.0,88,81,79,61,89.0,75.0,0
554,72,74.0,93,81,75,78,92.0,72.0,0
555,83,82.0,78,89,80,79,97.0,84.0,0
556,60,85.0,64,77,64,75,71.0,72.0,1
557,61,65.0,69,66,91,56,71.0,65.0,1
558,93,68.0,92,90,80,65,92.0,70.0,0
559,68,67.0,54,61,55,76,67.0,63.0,1
560,62,64.0,67,50,84,65,60.0,70.0,1
561,65,44.0,61,64,49,70,88.0,72.0,1
562,61,83.0,92,77,77,64,89.0,81.0,0
563,66,69.0,78,70,72,57,71.0,71.0,1
564,44,63.0,72,60,64,46,66.0,72.0,1
565,75,68.0,88,78,72,77,85.0,80.0,0
566,70,68.0,64,67,56,74,85.0,74.0,1
567,65,67.0,81,73,65,72,72.0,72.0,1
568,63,52.0,44,64,67,41,87.0,67.0,1
569,67,70.0,61,48,74,72,78.0,78.0,1
570,79,86.0,63,69,78,73,80.0,71.0,0
571,32,0.0,62,0,66,0,83.0,70.0,1
572,61,67.0,79,77,81,70,83.0,78.0,0
573,65,49.0,63,68,71,73,84.0,81.0,1
574,73,88.0,78,75,76,73,83.0,65.0,0
575,71,61.0,70,87,72,76,83.0,81.0,0
576,62,77.0,67,81,73,85,85.0,81.0,0
577,52,74.0,60,80,54,74,73.0,72.0,1
578,75,83.0,77,84,83,78,85.0,72.0,0
579,78,82.0,82,91,89,73,85.0,82.0,0
580,81,84.0,90,86,78,66,80.0,84.0,0
581,85,95.0,91,92,90,82,98.0,91.0,0
582,85,75.0,78,77,89,75,94.0,85.0,0
583,66,80.0,81,72,73,75,95.0,99.0,0
584,90,89.0,68,68,73,69,90.0,88.0,0
585,69,15.0,35,46,45,66,71.0,73.0,1
586,37,85.0,60,66,60,30,63.0,75.0,1
587,69,78.0,61,66,53,60,71.0,74.0,1
588,62,90.0,74,77,78,63,66.0,80.0,0
589,75,82.0,80,74,73,62,83.0,74.0,0
590,61,74.0,68,61,64,70,66.0,69.0,1
591,65,80.0,63,61,64,60,64.0,69.0,1
592,65,80.0,60,67,60,43,71.0,69.0,1
593,61,69.0,64,64,60,68,67.0,78.0,1
594,65,77.0,74,62,65,60,64.0,62.0,1
595,71,81.0,66,75,80,75,71.0,76.0,0
596,79,88.0,87,67,81,84,90.0,76.0,0
597,75,80.0,72,86,78,68,78.0,76.0,0
598,70,60.0,62,44,57,76,75.0,79.0,1
599,52,80.0,72,60,53,64,80.0,70.0,1
600,45,85.0,43,62,75,66,57.0,61.0,1
601,68,69.0,49,64,70,70,73.0,74.0,1
602,74,82.0,74,61,86,68,82.0,78.0,0
603,72,75.0,62,68,83,61,87.0,79.0,0
604,78,75.0,65,61,82,60,84.0,82.0,0
605,76,84.0,72,89,90,60,76.0,84.0,0
606,69,79.0,65,63,75,83,75.0,86.0,0
607,66,72.0,68,81,84,66,71.0,86.0,0
608,65,79.0,63,65,60,61,81.0,74.0,1
609,61,78.0,42,69,72,68,64.0,71.0,1
610,69,63.0,48,70,74,70,64.0,67.0,1
611,68,76.0,43,66,81,68,66.0,74.0,1
612,76,87.0,62,74,85,67,78.0,65.0,0
613,77,76.0,92,69,67,71,77.0,80.0,0
614,65,67.0,60,60,67,62,79.0,83.0,1
615,61,78.0,44,71,78,60,79.0,77.0,1
616,73,72.0,72,67,74,71,81.0,77.0,0
617,67,83.0,74,79,76,68,80.0,73.0,0
618,64,90.0,66,81,79,79,80.0,77.0,0
619,66,73.0,61,61,68,72,71.0,73.0,1
620,61,83.0,72,60,57,48,80.0,63.0,1
621,66,93.0,74,89,86,65,75.0,66.0,0
622,74,74.0,81,68,79,79,77.0,69.0,0
623,79,60.0,70,60,60,72,91.0,89.0,0
624,66,81.0,76,79,80,62,73.0,74.0,0
625,60,87.0,46,74,82,60,81.0,77.0,1
626,83,80.0,81,62,68,75,75.0,72.0,0
627,73,80.0,77,53,57,62,80.0,72.0,1
628,68,78.0,48,67,74,62,76.0,67.0,1
629,68,84.0,63,63,76,69,72.0,64.0,1
630,82,70.0,80,63,66,75,71.0,72.0,0
631,80,81.0,71,68,82,68,71.0,66.0,0
632,80,65.0,46,47,53,70,80.0,71.0,1
633,69,83.0,77,71,90,46,68.0,78.0,0
634,81,80.0,68,76,85,69,80.0,64.0,0
635,80,21.0,85,61,35,77,92.0,92.0,1
636,60,81.0,68,71,88,26,82.0,76.0,1
637,78,65.0,61,67,54,66,62.0,69.0,1
638,48,69.0,68,65,67,72,64.0,73.0,1
639,45,68.0,68,61,70,36,65.0,66.0,1
640,48,65.0,34,70,64,60,64.0,72.0,1
641,76,80.0,60,75,74,61,65.0,70.0,1
642,83,66.0,80,65,61,78,79.0,77.0,0
643,83,60.0,81,55,55,67,87.0,80.0,0
644,79,69.0,80,65,73,60,66.0,73.0,1
645,70,90.0,28,66,76,60,64.0,72.0,1
646,86,78.0,61,70,80,66,68.0,61.0,1
647,75,70.0,50,56,60,69,73.0,81.0,1
648,66,80.0,87,78,80,60,77.0,82.0,0
649,75,76.0,60,82,82,68,75.0,76.0,0
650,79,91.0,74,75,82,69,75.0,82.0,0
651,83,84.0,76,73,72,85,80.0,78.0,0
652,65,87.0,85,60,81,74,80.0,84.0,0
653,75,82.0,71,80,79,72,73.0,81.0,0
654,70,82.0,71,64,74,75,67.0,80.0,0
655,78,83.0,86,75,77,70,66.0,80.0,0
656,65,90.0,91,72,74,73,72.0,73.0,0
657,78,77.0,68,67,60,71,62.0,69.0,1
658,66,82.0,77,62,60,60,66.0,86.0,1
659,60,75.0,61,47,80,41,46.0,66.0,1
660,46,93.0,71,86,61,60,88.0,99.0,0
661,75,63.0,51,71,87,80,47.0,54.0,1
662,77,73.0,51,89,86,86,74.0,68.0,0
663,82,81.0,47,87,71,83,79.0,77.0,0
664,63,94.0,72,89,75,76,91.0,65.0,0
665,90,88.0,49,91,82,83,69.0,69.0,0
666,80,68.0,75,70,78,82,71.0,81.0,0
667,86,64.0,47,74,79,91,78.0,74.0,0
668,59,71.0,76,73,60,60,76.0,70.0,1
669,72,78.0,72,74,71,68,83.0,64.0,0
670,54,57.0,72,72,61,63,59.0,68.0,1
671,79,89.0,54,81,72,84,62.0,68.0,0
672,66,65.0,75,79,73,79,72.0,74.0,0
673,87,77.0,63,63,63,79,65.0,64.0,1
674,52,78.0,62,79,60,66,68.0,70.0,1
675,67,74.0,46,88,54,71,80.0,69.0,1
676,65,55.0,62,72,62,88,61.0,70.0,1
677,84,69.0,54,89,60,82,61.0,78.0,1
678,62,69.0,79,74,50,62,56.0,67.0,1
679,48,81.0,72,81,38,45,54.5,61.0,1
680,45,83.0,45,94,61,64,48.0,62.0,1
681,71,75.0,50,83,75,83,67.0,68.0,1
682,91,87.0,53,89,80,99,68.0,72.0,0
683,76,97.0,76,92,71,78,66.0,69.0,0
684,90,87.0,66,88,80,90,58.0,74.0,0
685,85,90.0,76,92,90,97,67.0,76.0,0
686,91,71.0,76,75,71,94,91.0,72.0,0
687,89,89.0,66,89,82,93,66.0,61.0,0
688,63,75.0,70,88,73,72,62.0,66.0,1
689,93,67.0,45,72,85,87,58.0,69.0,1
690,48,62.0,62,67,60,73,66.0,71.0,1
691,81,62.0,41,81,66,83,56.0,63.0,1
692,72,72.0,51,84,57,83,57.0,76.0,1
693,77,84.0,37,87,64,78,49.5,70.0,1
694,53,75.0,42,89,79,72,76.0,81.0,1
695,90,80.0,62,89,86,96,62.0,71.0,0
696,88,67.0,82,74,71,89,67.0,74.0,0
697,88,63.0,71,88,76,87,60.0,78.0,0
698,65,72.0,75,81,61,75,65.0,73.0,1
699,90,66.0,37,76,76,91,73.0,63.0,1
700,75,80.0,78,71,68,89,53.0,66.0,0
701,67,84.0,51,76,65,85,50.5,62.0,1
702,77,74.0,50,76,64,88,63.0,61.0,1
703,74,64.0,79,73,73,85,55.0,63.0,1
704,83,74.0,74,78,72,87,74.0,72.0,0
705,77,61.0,65,71,62,83,61.0,77.0,1
706,77,85.0,53,91,68,65,79.0,64.0,0
707,57,67.0,95,80,53,75,70.0,65.0,1
708,88,61.0,84,69,84,96,60.0,73.0,0
709,53,80.0,87,61,76,63,57.0,78.0,1
710,68,65.0,53,82,71,78,60.0,73.0,1
711,71,65.0,74,82,62,77,89.0,84.0,0
712,67,80.0,46,75,66,81,71.0,64.0,1
713,60,83.0,62,70,68,81,58.0,64.0,1
714,86,87.0,81,79,68,83,62.5,77.0,0
715,55,86.0,52,79,65,83,61.0,63.0,1
716,83,82.0,62,81,75,84,52.0,56.0,1
717,88,93.0,71,97,82,93,76.0,66.0,0
718,77,78.0,82,79,69,83,84.0,60.0,0
719,93,79.0,64,74,86,99,63.0,62.0,0
720,69,79.0,89,89,69,92,62.0,79.0,0
721,78,82.0,51,93,78,89,64.0,71.0,0
722,76,72.0,57,71,64,95,60.0,61.0,1
723,50,40.0,63,71,50,72,61.0,69.0,1
724,90,78.0,78,68,56,86,89.0,88.0,0
725,60,60.0,66,79,73,78,70.0,79.0,1
726,74,74.0,70,81,60,92,66.0,69.0,0
727,79,83.0,85,70,40,80,90.0,77.0,0
728,65,79.0,70,79,75,74,78.0,66.0,0
729,65,50.0,60,78,64,83,78.0,76.0,1
730,62,79.0,46,67,60,83,75.0,65.0,1
731,70,85.0,71,64,80,82,83.0,65.0,0
732,65,83.0,78,76,54,85,78.0,66.0,0
733,90,90.0,80,68,72,84,84.0,65.0,0
734,66,76.0,75,77,74,76,80.0,81.0,0
735,65,60.0,69,70,74,81,85.0,78.0,0
736,61,60.0,35,74,56,87,71.0,68.0,1
737,67,63.0,78,82,61,88,78.0,78.0,0
738,79,77.0,87,81,60,85,81.0,67.0,0
739,77,78.0,83,86,77,88,90.0,68.0,0
740,72,83.0,70,80,78,88,80.0,77.0,0
741,84,90.0,78,79,85,94,88.0,82.0,0
742,85,98.0,81,69,89,82,94.0,80.0,0
743,72,85.0,74,82,86,87,92.0,93.0,0
744,84,87.0,70,76,71,76,81.0,80.0,0
745,63,81.0,72,81,76,90,89.0,86.0,0
746,72,93.0,70,80,40,82,71.0,64.0,1
747,66,78.0,89,74,77,76,90.0,87.0,0
748,65,77.0,73,73,73,88,75.0,62.0,0
749,79,84.0,61,82,73,83,68.0,63.0,0
750,84,83.0,92,49,78,51,92.0,76.0,0
751,42,67.0,89,81,82,92,92.0,90.0,0
752,77,94.0,29,71,43,70,61.0,63.0,1
753,68,81.0,86,79,90,79,94.0,88.0,0
754,50,70.0,60,65,65,82,72.0,66.0,1
755,76,73.0,65,74,74,88,86.0,71.0,0
756,80,81.0,60,51,70,62,78.0,72.0,1
757,38,29.0,81,61,51,66,79.0,70.0,1
758,39,39.0,39,60,54,78,44.0,63.0,1
759,62,63.0,44,73,66,80,60.0,63.5,1
760,62,43.0,82,73,75,94,90.0,63.0,0
761,85,95.0,73,55,75,78,85.0,67.0,0
762,66,61.0,66,78,87,82,89.0,79.0,0
763,47,72.0,39,68,52,75,41.0,60.0,1
764,48,61.0,63,65,71,80,73.0,73.0,1
765,65,60.0,49,90,71,86,77.0,60.0,1
766,75,93.0,55,74,70,94,75.0,89.0,0
767,73,81.0,60,81,88,93,72.0,65.0,0
768,72,81.0,85,62,79,92,94.0,81.0,0
769,77,77.0,61,78,80,84,88.0,77.0,0
770,79,91.0,72,70,74,72,90.0,98.0,0
771,60,77.0,71,74,77,70,83.0,90.0,0
772,65,66.0,72,77,72,82,85.0,91.0,0
773,72,71.0,63,66,72,83,78.0,81.0,0
774,72,75.0,53,63,70,93,69.0,63.0,1
775,87,92.0,80,78,72,81,78.0,61.0,0
776,72,77.0,70,86,93,83,63.0,64.0,0
777,79,80.0,80,68,73,78,85.0,83.0,0
778,63,71.0,92,71,85,82,95.0,90.0,0
779,83,82.0,98,79,56,91,90.0,90.0,0
780,69,81.0,70,79,79,80,83.0,81.0,0
781,67,70.0,68,69,84,86,77.0,86.0,0
782,62,82.0,83,74,84,80,75.0,80.0,0
783,78,64.0,80,92,60,66,62.0,34.0,1
784,75,60.0,78,77,71,62,66.0,24.0,1
785,70,65.0,63,87,66,65,61.0,52.0,1
786,74,80.0,72,89,75,67,72.0,49.0,0
787,71,68.0,63,84,69,64,71.0,50.0,1
788,74,73.0,73,93,72,90,71.0,38.0,0
789,64,61.0,56,89,62,60,55.0,67.0,1
790,71,53.0,56,92,68,70,71.0,53.0,1
791,65,71.0,63,82,67,70,65.0,45.0,1
792,80,52.0,61,91,82,66,66.0,68.0,1
793,78,73.6,57,85,72,69,69.0,43.0,1
794,68,0.0,66,82,67,66,57.0,68.0,1
795,78,70.0,85,75,62,60,60.0,78.0,1
796,79,69.0,70,85,75,70,80.0,29.0,1
797,74,74.0,63,70,67,71,67.0,47.0,1
798,84,81.0,61,93,78,78,87.0,82.0,0
799,82,0.0,69,92,63,67,70.0,71.0,1
800,81,62.0,64,85,90,90,90.0,48.0,0
801,82,71.0,84,82,74,70,76.0,78.0,0
802,72,83.0,78,87,80,72,74.0,84.0,0
803,90,75.0,75,90,82,90,90.0,47.0,0
804,79,69.0,70,88,75,60,77.0,91.0,0
805,73,74.0,71,84,80,71,76.0,47.0,0
806,85,81.0,63,92,78,75,81.0,38.0,0
807,80,61.0,76,75,79,82,80.0,85.0,0
808,82,65.0,56,78,77,71,71.0,36.0,1
809,84,77.0,63,76,74,77,76.0,68.0,0
810,80,80.0,70,80,72,70,77.0,36.0,0
811,76,82.0,71,84,77,69,77.0,67.0,0
812,90,82.0,78,84,80,82,90.0,80.0,0
813,65,75.0,44,0,52,31,41.0,85.0,1
814,78,85.0,74,91,79,84,83.0,71.0,0
815,71,76.0,78,78,79,85,89.0,86.0,0
816,81,77.0,57,88,81,74,72.0,48.0,0
817,79,67.0,72,91,77,76,77.0,36.0,0
818,88,75.0,63,92,77,75,87.0,60.0,0
819,84,80.0,76,87,80,72,81.0,73.0,0
820,78,66.0,45,79,69,63,78.0,88.0,1
821,64,75.0,60,71,67,88,82.0,78.0,0
822,56,43.0,65,62,71,75,44.0,47.0,1
823,72,65.0,81,77,76,73,74.0,69.0,0
824,78,66.0,67,68,67,73,81.0,69.0,1
825,82,73.0,64,77,78,75,81.0,63.0,0
826,64,66.0,50,73,74,77,77.0,69.0,1
827,74,72.0,62,72,81,75,77.0,80.0,0
828,77,78.0,60,74,64,81,59.0,80.0,1
829,70,35.0,32,60,34,45,53.0,54.0,1
830,65,70.0,77,63,60,65,82.0,68.0,1
831,67,66.0,26,69,66,69,70.0,65.0,1
832,73,67.0,77,67,81,77,69.0,75.0,0
833,61,28.0,69,61,55,74,62.0,63.0,1
834,72,63.0,48,68,67,69,49.0,69.0,1
835,83,72.0,46,73,83,64,78.0,63.0,1
836,72,66.0,71,78,71,68,63.0,71.0,1
837,71,73.0,30,68,70,75,75.0,72.0,1
838,86,80.0,89,76,78,83,79.0,77.0,0
839,77,74.0,67,82,75,74,82.0,66.0,0
840,88,73.0,75,70,85,85,81.0,68.0,0
841,59,65.0,43,67,63,60,58.0,66.0,1
842,63,68.0,49,69,70,62,80.0,60.0,1
843,83,78.0,71,73,80,86,84.0,70.0,0
844,63,69.0,72,66,30,62,66.0,63.0,1
845,73,63.0,72,20,73,63,70.0,60.0,1
846,74,36.0,70,72,75,73,77.0,63.0,1
847,80,77.0,72,78,82,73,72.0,61.0,0
848,76,84.0,73,75,70,73,79.0,77.0,0
849,77,63.0,72,68,66,68,75.0,75.0,1
850,98,71.0,79,83,88,84,78.0,61.0,0
851,95,74.0,71,82,82,61,84.0,54.0,0
852,76,88.0,76,79,63,78,85.0,70.0,0
853,89,86.0,65,86,85,78,82.0,80.0,0
854,94,75.0,80,79,82,84,83.0,90.0,0
855,97,90.0,78,79,84,85,80.0,76.0,0
856,93,88.0,84,81,86,80,80.0,72.0,0
857,96,94.0,83,80,90,89,91.0,82.0,0
858,85,74.0,77,74,81,79,77.0,68.0,0
859,90,86.0,91,78,82,89,89.0,81.0,0
860,87,66.0,80,71,87,80,80.0,68.0,0
861,76,69.0,74,77,80,80,77.0,61.0,0
862,80,61.0,70,75,75,88,87.0,60.0,0
863,73,78.0,73,70,80,72,77.0,70.0,0
864,96,86.0,85,80,84,87,83.0,90.0,0
865,71,78.0,70,79,83,64,77.0,73.0,0
866,78,82.0,60,75,72,80,82.0,75.0,0
867,73,81.0,61,70,76,66,80.0,75.0,0
868,67,82.0,63,62,68,64,77.0,64.0,1
869,96,69.0,87,85,88,90,89.0,62.0,0
870,66,64.0,63,77,71,62,72.0,44.0,1
871,80,72.0,71,85,83,88,79.0,52.0,0
872,81,82.0,54,74,61,54,65.0,69.0,1
873,84,79.0,65,71,71,84,71.0,70.0,0
874,89,79.0,54,80,89,80,62.0,63.0,0
875,93,84.0,68,78,94,73,52.0,65.0,0
876,79,67.0,80,77,73,56,74.0,61.0,1
877,71,78.0,86,79,76,62,75.0,70.0,0
878,79,85.0,68,73,75,74,41.0,61.0,1
879,92,63.0,81,77,87,53,79.0,73.0,0
880,72,73.0,52,79,67,45,85.0,63.0,1
881,83,71.0,67,78,82,60,84.0,60.0,0
882,62,71.0,47,67,70,72,43.0,52.0,1
883,82,71.0,76,73,77,75,70.0,61.0,0
884,73,83.0,60,44,63,73,90.0,60.0,1
885,63,71.0,49,68,80,60,58.0,49.0,1
886,71,74.0,63,78,70,66,70.0,70.0,1
887,71,87.0,39,81,77,66,55.0,57.0,1
888,76,67.0,41,64,71,66,46.0,48.0,1
889,70,64.0,48,75,73,66,63.0,63.0,1
890,77,74.0,60,73,73,62,63.0,66.0,1
891,77,68.0,73,73,66,54,68.0,61.0,1
892,91,86.0,53,76,79,75,60.0,61.0,0
893,86,89.0,69,82,83,60,61.0,78.0,0
894,89,86.0,79,83,74,73,77.0,75.0,0
895,93,88.0,78,87,92,75,80.0,78.0,0
896,83,86.0,78,83,81,75,81.0,71.0,0
897,95,88.0,81,85,90,83,93.0,84.0,0
898,93,84.0,74,80,86,91,90.0,72.0,0
899,76,61.0,33,83,63,65,54.0,67.0,1
900,50,55.0,88,69,99,67,99.0,88.0,0
901,50,44.0,98,67,79,50,60.0,98.0,1
902,60,0.0,77,74,89,31,40.0,70.0,1
903,72,70.0,94,65,81,69,68.0,56.0,0
904,87,73.0,83,73,77,72,85.0,74.0,0
905,83,91.0,74,62,73,60,77.0,85.0,0
906,76,58.0,71,66,75,63,77.0,96.0,0
907,75,81.0,74,70,82,88,60.0,80.0,0
908,75,74.0,49,45,64,67,63.0,70.0,1
909,77,87.0,63,92,91,67,63.0,82.0,0
910,60,86.0,72,40,79,63,50.0,71.0,1
911,89,61.0,87,39,61,76,68.0,76.0,1
912,81,82.0,70,66,75,39,52.0,83.0,1
913,40,89.0,66,79,85,60,36.0,69.0,1
914,72,81.0,80,49,74,71,74.0,77.0,0
915,84,79.0,87,62,78,90,85.0,94.0,0
916,84,76.0,80,70,75,61,86.0,83.0,0
917,72,72.0,62,65,81,53,60.0,93.0,1
918,68,79.0,83,66,78,67,68.0,69.0,0
919,70,62.0,86,60,69,83,68.0,80.0,0
920,80,74.0,87,60,75,73,80.0,79.0,0
921,60,76.0,71,81,87,60,74.0,82.0,0
922,63,89.0,72,81,90,68,78.0,85.0,0
923,87,82.0,77,64,80,75,86.0,73.0,0
924,96,76.0,91,72,79,76,85.0,87.0,0
925,67,60.0,78,61,67,72,50.0,67.0,1
926,70,82.0,74,68,83,50,45.0,77.0,1
927,72,68.0,81,60,84,65,60.0,77.0,1
928,78,82.0,58,84,89,60,69.0,77.0,0
929,60,82.0,50,60,76,60,46.0,61.0,1
930,92,72.0,71,67,72,79,77.0,83.0,0
931,76,86.0,60,62,80,60,69.0,62.0,1
932,93,76.0,63,72,78,90,85.0,64.0,0
933,39,73.0,79,71,76,63,68.0,66.0,1
934,81,91.0,85,78,85,66,70.0,69.0,0
935,80,75.0,62,71,82,61,72.0,83.0,0
936,90,91.0,79,80,88,78,73.0,87.0,0
937,60,87.0,55,84,91,63,36.0,85.0,1
938,82,76.0,93,72,82,71,86.0,91.0,0
939,89,76.0,88,73,86,83,91.0,88.0,0
940,94,83.0,92,60,82,73,80.0,85.0,0
941,90,67.0,85,74,95,90,79.0,78.0,0
942,67,83.0,73,73,85,70,69.0,71.0,0
943,84,77.0,64,65,83,72,76.0,81.0,0
944,87,86.0,70,69,89,76,70.0,85.0,0
945,80,85.0,93,60,73,74,81.0,85.0,0
946,91,85.0,80,73,89,83,85.0,95.0,0
947,85,85.0,75,74,91,67,71.0,92.0,0
948,95,74.0,87,73,83,78,88.0,87.0,0
949,89,76.0,83,71,84,69,85.0,87.0,0
950,91,79.0,82,64,88,76,72.0,84.0,0
951,69,83.0,80,67,85,62,68.0,86.0,0
952,68,81.0,57,65,89,70,65.0,76.0,1
953,75,97.0,85,90,91,60,52.0,77.0,0
954,72,85.0,87,69,81,69,63.0,94.0,0
955,84,84.0,86,74,81,83,85.0,90.0,0
956,61,84.0,62,62,80,60,53.0,76.0,1
957,86,80.0,77,60,80,60,87.0,67.0,0
958,87,77.0,70,71,83,67,68.0,70.0,0
959,75,74.0,39,68,85,60,70.0,68.0,1
960,74,79.0,60,50,78,70,81.0,80.0,1
961,60,80.0,49,61,79,65,71.0,80.0,1
962,74,85.0,70,71,82,60,73.0,78.0,0
963,60,86.0,60,73,87,62,78.0,64.0,1
964,78,79.0,71,77,77,64,78.0,71.0,0
965,90,67.0,65,65,77,71,73.0,62.0,1
966,75,72.0,53,62,69,62,70.0,92.0,1
967,60,84.0,74,65,82,61,37.0,94.0,1
968,64,80.0,60,72,79,50,67.0,91.0,1
969,82,77.0,50,68,78,65,68.0,78.0,1
970,71,73.0,95,70,83,62,47.0,80.0,0
971,72,74.0,60,71,74,64,63.0,73.0,1
972,85,83.0,68,70,93,70,63.0,80.0,0
973,74,85.0,77,77,88,69,61.0,83.0,0
974,79,56.0,83,60,81,65,65.0,78.0,1
975,72,80.0,79,78,83,75,72.0,93.0,0
976,77,79.0,69,71,83,65,72.0,78.0,0
977,84,93.0,75,85,90,69,71.0,68.0,0
978,82,87.0,81,74,79,60,71.0,77.0,0
979,87,93.0,90,73,88,78,80.0,68.0,0
980,81,91.0,87,80,88,65,70.0,92.0,0
981,88,86.0,85,76,85,73,77.0,82.0,0
982,90,83.0,85,74,83,69,79.0,77.0,0
983,78,86.0,87,72,82,74,81.0,71.0,0
984,90,84.0,71,79,85,74,72.0,73.0,0
985,86,95.0,85,79,93,75,68.0,81.0,0
986,91,87.0,87,81,85,74,70.0,89.0,0
987,89,89.0,73,75,85,68,85.0,79.0,0
988,90,90.0,82,66,79,69,65.0,78.0,0
989,78,98.0,71,82,91,68,70.0,80.0,0
990,69,83.0,67,78,84,67,48.0,73.0,1
991,88,70.0,90,80,77,81,70.0,70.0,0
992,74,85.0,82,88,80,75,69.0,80.0,0
